<?xml version="1.0"?>
<!--
/**
 * Shop System Plugins:
 * - Terms of Use can be found under:
 * https://github.com/wirecard/magento2-ee/blob/master/_TERMS_OF_USE
 * - License can be found under:
 * https://github.com/wirecard/magento2-ee/blob/master/LICENSE
 */
-->
<include xmlns:xsi="http://www.w3.org/2001/XMLSchema-instance" xsi:noNamespaceSchemaLocation="urn:magento:module:Magento_Config:etc/system_include.xsd">
    <group id="wirecard_elasticengine_cc_vault" translate="label" type="text" sortOrder="120" showInDefault="1" showInWebsite="1" showInStore="1">
        <label>config_vault_with_title</label>
        <field id="active" translate="label" type="select" sortOrder="10" showInDefault="1" showInWebsite="1" showInStore="1">
            <label>text_enabled</label>
            <source_model>Magento\Config\Model\Config\Source\Yesno</source_model>
        </field>
    </group>
</include>
