<?xml version="1.0"?>
<config xmlns:xsi="http://www.w3.org/2001/XMLSchema-instance" xsi:noNamespaceSchemaLocation="urn:magento:framework:ObjectManager/etc/config.xsd">
    <preference for="Ourclient\Client\Api\Data\ListInterface" type="Ourclient\Client\Model\Client" />
 
    <virtualType name="Ourclient\Client\Model\ResourceModel\Client\Client\Collection" type="Magento\Framework\View\Element\UiComponent\DataProvider\SearchResult">
        <arguments>
            <argument name="mainTable" xsi:type="string">vgroup_Client</argument>
            <argument name="resourceModel" xsi:type="string">Ourclient\Client\Model\ResourceModel\Client</argument>
        </arguments>
    </virtualType>
    <type name="Magento\Framework\View\Element\UiComponent\DataProvider\CollectionFactory">
        <arguments>
            <argument name="collections" xsi:type="array">
                <item name="Client_list_data_source" xsi:type="string">Ourclient\Client\Model\ResourceModel\Client\Client\Collection</item>
            </argument>
        </arguments>
    </type>
</config>
