<?xml version="1.0"?>
<!--
/**
 * Mageplaza
 *
 * NOTICE OF LICENSE
 *
 * This source file is subject to the Mageplaza.com license that is
 * available through the world-wide-web at this URL:
 * https://www.mageplaza.com/LICENSE.txt
 *
 * DISCLAIMER
 *
 * Do not edit or add to this file if you wish to upgrade this extension to newer
 * version in the future.
 *
 * @category    Mageplaza
 * @package     Mageplaza_BannerSlider
 * @copyright   Copyright (c) Mageplaza (https://www.mageplaza.com/)
 * @license     https://www.mageplaza.com/LICENSE.txt
 */
-->
<widgets xmlns:xsi="http://www.w3.org/2001/XMLSchema-instance" xsi:noNamespaceSchemaLocation="urn:magento:module:Magento_Widget:etc/widget.xsd">
    <widget class="Mageplaza\BannerSlider\Block\Widget" id="mageplaza_bannerslider_widget">
        <label translate="true">Mageplaza Banner Slider</label>
        <description translate="true">Banner Slider list</description>
        <parameters>
            <parameter name="slider_id" xsi:type="select" required="true" visible="true" source_model="Mageplaza\BannerSlider\Model\Config\Source\Sliders">
                <label translate="true">Select Slider</label>
            </parameter>
        </parameters>
    </widget>
</widgets>