<?xml version="1.0"?>
<!--
/**
 * Shop System Plugins:
 * - Terms of Use can be found under:
 * https://github.com/wirecard/magento2-ee/blob/master/_TERMS_OF_USE
 * - License can be found under:
 * https://github.com/wirecard/magento2-ee/blob/master/LICENSE
 */
-->

<config xmlns:xsi="http://www.w3.org/2001/XMLSchema-instance" xsi:noNamespaceSchemaLocation="urn:magento:framework:ObjectManager/etc/config.xsd">
    <type name="Magento\Checkout\Model\CompositeConfigProvider">
        <arguments>
            <argument name="configProviders" xsi:type="array">
                <item name="wirecard_elasticengine_config_provider" xsi:type="object">Wirecard\ElasticEngine\Model\Ui\ConfigProvider</item>
            </argument>
        </arguments>
    </type>
    <type name="Magento\Vault\Model\Ui\TokensConfigProvider">
        <arguments>
            <argument name="tokenUiComponentProviders" xsi:type="array">
                <item name="wirecard_elasticengine_creditcard" xsi:type="object">Wirecard\ElasticEngine\Model\Ui\TokenUiComponentProvider</item>
            </argument>
        </arguments>
    </type>
</config>
