<?xml version="1.0"?>
<!--
/**
 * Shop System Plugins:
 * - Terms of Use can be found under:
 * https://github.com/wirecard/magento2-ee/blob/master/_TERMS_OF_USE
 * - License can be found under:
 * https://github.com/wirecard/magento2-ee/blob/master/LICENSE
 */
-->
<include xmlns:xsi="http://www.w3.org/2001/XMLSchema-instance" xsi:noNamespaceSchemaLocation="urn:magento:module:Magento_Config:etc/system_include.xsd">
    <group id="wirecard_elasticengine_creditcard" translate="label" type="text" sortOrder="110" showInDefault="1" showInWebsite="1" showInStore="1">
        <label>heading_title_creditcard</label>
        <field id="active" translate="label" type="select" sortOrder="10" showInDefault="1" showInWebsite="1" showInStore="1">
            <label>text_enabled</label>
            <source_model>Magento\Config\Model\Config\Source\Yesno</source_model>
        </field>
        <field id="title" translate="label" type="text" sortOrder="20" showInDefault="1"
               showInWebsite="1" showInStore="1">
            <label>config_title</label>
        </field>
        <field id="wpp_url" translate="label comment" type="text" sortOrder="25" showInDefault="1" showInWebsite="1" showInStore="1">
            <label>config_wpp_url</label>
            <comment>config_wpp_url_desc</comment>
            <backend_model>Wirecard\ElasticEngine\Model\Config\Backend\CreditCardConfig</backend_model>
        </field>
        <include path="Wirecard_ElasticEngine::system/credentials.xml" />
        <field id="three_d_merchant_account_id" translate="label" type="text" sortOrder="60" showInDefault="1" showInWebsite="1" showInStore="1">
            <label>config_three_d_merchant_account_id</label>
        </field>
        <field id="three_d_secret" translate="label" type="text" sortOrder="65" showInDefault="1" showInWebsite="1" showInStore="1">
            <label>config_three_d_merchant_secret</label>
        </field>
        <field id="ssl_max_limit" translate="label comment" type="text" sortOrder="70" showInDefault="1" showInWebsite="1" showInStore="1">
            <label>config_ssl_max_limit</label>
            <comment>config_limit_desc</comment>
        </field>
        <field id="three_d_min_limit" translate="label comment" type="text" sortOrder="80" showInDefault="1" showInWebsite="1" showInStore="1">
            <label>config_three_d_min_limit</label>
            <comment>config_limit_desc</comment>
        </field>
        <field id="default_currency" translate="label" type="select" sortOrder="85" showInDefault="1" showInWebsite="1" showInStore="1">
            <label>default_currency</label>
            <source_model>Magento\Config\Model\Config\Source\Locale\Currency</source_model>
        </field>
        <field id="payment_action" translate="label" type="select" sortOrder="90" showInDefault="1"
               showInWebsite="1" showInStore="1">
            <label>config_payment_action</label>
            <source_model>Wirecard\ElasticEngine\Model\Adminhtml\Source\PaymentAction</source_model>
        </field>
        <field id="challenge_ind" translate="label" type="select" sortOrder="90" showInDefault="1"
               showInWebsite="1" showInStore="1">
            <label>config_challenge_indicator</label>
            <source_model>Wirecard\ElasticEngine\Model\Adminhtml\Source\ChallengeIndicator</source_model>
        </field>
        <field id="sort_order" translate="label" type="text" sortOrder="160" showInDefault="1" showInWebsite="1"
               showInStore="0">
            <label>config_sort_order</label>
            <frontend_class>validate-number</frontend_class>
        </field>
        <field id="send_additional" translate="label" type="select" sortOrder="100" showInDefault="1"
               showInWebsite="1" showInStore="1">
            <label>config_additional_info</label>
            <source_model>Magento\Config\Model\Config\Source\Yesno</source_model>
        </field>
    </group>
</include>
